y_test,y_pred,y_prob
1,1,1.0
0,1,0.9825727103489345
1,0,0.028639236795125794
0,0,3.2414187931719947e-07
1,1,1.0
1,1,1.0
