tmID,y_pred,y_prob
ATL,1,0.16902631477220328
CHI,0,0.08682547620577101
CON,0,0.14723270059465687
IND,1,0.823480986550174
LAS,1,0.3117726700909689
MIN,0,0.09288947409470877
NYL,1,0.17541927129934373
PHO,1,0.42971791302524937
SAS,1,0.7291123201412317
SEA,1,0.5932103842213425
TUL,0,0.0771536699493351
WAS,1,0.14734396592784327
