tmID,y_pred,y_prob
ATL,0,0.34899669124451443
CHI,0,0.34388263546988346
CON,1,0.6252592164972894
IND,1,0.7107826780160735
LAS,1,0.6830288731846488
MIN,0,0.3713574683076268
NYL,1,0.40477826231792347
PHO,1,0.7081762576247344
SAS,1,0.7134931457843273
SEA,1,0.7064459631636384
TUL,0,0.37444315206350676
WAS,1,0.37476417377498705
