tmID,y_pred,y_prob
ATL,0,0.4066539387215412
CHI,0,0.37857602691737346
CON,1,0.4177715832618343
IND,1,0.7656795205340785
LAS,1,0.6865116297206276
MIN,0,0.38562072396796143
NYL,1,0.43312661331614155
PHO,1,0.7134712903708522
SAS,1,0.7410721282994096
SEA,1,0.7364996155854403
TUL,0,0.3358804068344571
WAS,1,0.4083666908529211
